id;name;common_name;description
1;yellow;XSS plum Granite;../fake-data/blob/hipster.txt
2;Computers COM;multi-byte calculating;../fake-data/blob/hipster.txt
3;firmware Bike;infomediaries extend Luxembourg;../fake-data/blob/hipster.txt
4;Product Handcrafted;circuit;../fake-data/blob/hipster.txt
5;Dynamic mobile;Quality;../fake-data/blob/hipster.txt
6;intuitive;Account override;../fake-data/blob/hipster.txt
7;Salad deliverables Metal;Bahamas Market dedicated;../fake-data/blob/hipster.txt
8;Baby Frozen;Grocery Object-based Borders;../fake-data/blob/hipster.txt
9;National Steel Tuna;Customer-focused migration;../fake-data/blob/hipster.txt
10;homogeneous invoice Architect;Electronics programming withdrawal;../fake-data/blob/hipster.txt
