id;name;common_name;description;genus_id
1;dynamic Won syndicate;firewall Cambridgeshire Chief;../fake-data/blob/hipster.txt;1
2;withdrawal;Computers Nebraska Cambridgeshire;../fake-data/blob/hipster.txt;2
3;Alley RAM;virtual Streamlined Taka;../fake-data/blob/hipster.txt;3
4;transform pixel;interface;../fake-data/blob/hipster.txt;4
5;vertical array;Investor Outdoors;../fake-data/blob/hipster.txt;5
6;Kroon;HDD Computer Infrastructure;../fake-data/blob/hipster.txt;6
7;Sausages Checking;Division;../fake-data/blob/hipster.txt;7
8;methodologies;innovate;../fake-data/blob/hipster.txt;8
9;Mouse;Kids lime;../fake-data/blob/hipster.txt;9
10;synthesize compress card;reboot Soft cyan;../fake-data/blob/hipster.txt;10
